, Alabama, Alaska, Arizona, Arkansas, California, Colorado, Connecticut, Delaware, Florida, Georgia, Hawaii, Idaho, Illinois, Indiana, Iowa, Kansas, Kentucky, Louisiana, Maine, Maryland, Massachusetts, Michigan, Minnesota, Mississippi, Missouri, Montana, Nebraska, Nevada, New Hampshire, New Jersey, New Mexico, New York, North Carolina, North Dakota, Ohio, Oklahoma, Oregon, Pennsylvania, Rhode Island, South Carolina, South Dakota, Tennessee, Texas, Utah, Vermont, Virginia, Washington, West Virginia, Wisconsin, Wyoming
0,alyr,alua,arxi,arkc,caot,core,codr,dere,flee,geat,haul,ides,ildl,insi,iose,kaak,ketr,loeg,maat,masi,mano,mign,milu,mino,miyt,moan,nenl,neyt,nedr,neno,neeF,neyn,nohg,nokc,ohsu,okyt,orme,pegr,rhec,soai,soer,teel,teni,utyt,vere,vidn,waai,weno,wino,wyen
1,alry,alau,arix,arck,cato,coer,cord,deer,flee,geta,halu,idse,illd,inis,ioes,kaka,kert,loge,mata,mais,maon,ming,miul,mion,mity,mona,neln,nety,nerd,neon,neFe,neny,nogh,nock,ohus,okty,orem,perg,rhce,soia,sore,tele,tein,utty,veer,vind,waia,weon,wion,wyne
2,aylr,aula,axri,akrc,coat,croe,cdor,dree,fele,gaet,hual,ieds,idll,isni,isoe,kaak,kter,leog,maat,msai,mnao,mgin,mliu,mnio,myit,maon,nnel,nyet,nder,nneo,neeF,nyen,nhog,nkoc,oshu,oykt,omre,pger,rehc,saoi,seor,teel,tnei,uytt,vree,vdin,waai,wneo,wnio,weyn
3,ayrl,aual,axir,akcr,cota,creo,cdro,dree,feel,gate,hula,iesd,idll,isin,iseo,kaka,ktre,lego,mata,msia,mnoa,mgni,mlui,mnoi,myti,mano,nnle,nyte,ndre,nnoe,neFe,nyne,nhgo,nkco,osuh,oytk,omer,pgre,rech,saio,sero,tele,tnie,uytt,vree,vdni,waia,wnoe,wnoi,weny
4,arly,aalu,airx,acrk,ctao,ceor,crod,deer,fele,gtea,hlau,isde,illd,iins,ieos,kkaa,kret,lgoe,mtaa,mias,moan,mnig,muil,moin,mtiy,mnoa,nlen,ntey,nred,noen,nFee,nney,ngoh,ncok,ouhs,otky,oerm,preg,rche,sioa,sroe,tlee,tien,utty,veer,vnid,wiaa,woen,woin,wnye
5,aryl,aaul,aixr,ackr,ctoa,cero,crdo,dere,feel,gtae,hlua,ised,ildl,iisn,ieso,kkaa,krte,lgeo,mtaa,misa,mona,mngi,muli,moni,mtyi,mnao,nlne,ntye,nrde,none,nFee,nnye,ngho,ncko,oush,otyk,oemr,prge,rceh,siao,sreo,tlee,tine,utyt,vere,vndi,wiaa,wone,woni,wney
6,layr,laua,raxi,rakc,acot,ocre,ocdr,edre,lfee,egat,ahul,dies,lidl,nisi,oise,akak,ektr,oleg,amat,amsi,amno,imgn,imlu,imno,imyt,oman,ennl,enyt,endr,enno,eneF,enyn,onhg,onkc,hosu,koyt,rome,epgr,hrec,osai,oser,etel,etni,tuyt,evre,ivdn,awai,ewno,iwno,ywen
7,lary,laau,raix,rack,acto,ocer,ocrd,eder,lfee,egta,ahlu,dise,lild,niis,oies,akka,ekrt,olge,amta,amis,amon,imng,imul,imon,imty,omna,enln,enty,enrd,enon,enFe,enny,ongh,onck,hous,koty,roem,eprg,hrce,osia,osre,etle,etin,tuty,ever,ivnd,awia,ewon,iwon,ywne
8,lyar,luaa,rxai,rkac,aoct,orce,odcr,erde,lefe,eagt,auhl,deis,ldil,nsii,osie,aakk,etkr,oelg,aamt,asmi,anmo,igmn,ilmu,inmo,iymt,oamn,ennl,eynt,ednr,enno,eenF,eynn,ohng,oknc,hsou,kyot,rmoe,egpr,herc,oasi,oesr,eetl,enti,tyut,erve,idvn,aawi,enwo,inwo,yewn
9,lyra,luaa,rxia,rkca,aotc,orec,odrc,ered,leef,eatg,aulh,desi,ldli,nsii,osei,aakk,etrk,oegl,aatm,asim,anom,ignm,ilum,inom,iytm,oanm,enln,eytn,edrn,enon,eeFn,eynn,ohgn,okcn,hsuo,kyto,rmeo,egrp,hecr,oais,oers,eelt,enit,tytu,erev,idnv,aaiw,enow,inow,yenw
10,lray,laau,riax,rcak,atco,oecr,orcd,eedr,lefe,etga,alhu,dsie,llid,niis,oeis,akka,erkt,ogle,atma,aims,aomn,inmg,iuml,iomn,itmy,onma,elnn,etny,ernd,eonn,eFne,enny,ognh,ocnk,huos,ktoy,reom,erpg,hcre,oisa,orse,elte,eitn,ttuy,eevr,invd,aiwa,eown,iown,ynwe
11,lrya,laua,rixa,rcka,atoc,oerc,ordc,eerd,leef,etag,aluh,dsei,lldi,nisi,oesi,akak,ertk,ogel,atam,aism,aonm,ingm,iulm,ionm,itym,onam,elnn,etyn,erdn,eonn,eFen,enyn,oghn,ockn,huso,ktyo,remo,ergp,hcer,oias,ores,elet,eint,ttyu,eerv,indv,aiaw,eonw,ionw,ynew
12,yalr,uala,xari,karc,ocat,rcoe,dcor,rdee,efle,aget,uhal,eids,dill,sini,sioe,akak,tker,elog,amat,smai,nmao,gmin,lmiu,nmio,ymit,amon,nnel,ynet,dner,nneo,eneF,ynen,hnog,knoc,sohu,yokt,more,gper,erhc,asoi,esor,etel,ntei,yutt,rvee,dvin,awai,nweo,nwio,ewyn
13,yarl,uaal,xair,kacr,octa,rceo,dcro,rdee,efel,agte,uhla,eisd,dill,siin,sieo,akka,tkre,elgo,amta,smia,nmoa,gmni,lmui,nmoi,ymti,amno,nnle,ynte,dnre,nnoe,enFe,ynne,hngo,knco,souh,yotk,moer,gpre,erch,asio,esro,etle,ntie,yutt,rvee,dvni,awia,nwoe,nwoi,ewny
14,ylar,ulaa,xrai,krac,oact,roce,docr,rede,elfe,aegt,uahl,edis,dlil,snii,soie,aakk,tekr,eolg,aamt,sami,namo,gimn,limu,nimo,yimt,aomn,nenl,yent,denr,neno,eenF,yenn,hong,konc,shou,ykot,mroe,gepr,ehrc,aosi,eosr,eetl,neti,ytut,reve,divn,aawi,newo,niwo,eywn
15,ylra,ulaa,xria,krca,oatc,roec,dorc,reed,elef,aetg,ualh,edsi,dlli,snii,soei,aakk,terk,eogl,aatm,saim,naom,ginm,lium,niom,yitm,aonm,neln,yetn,dern,neon,eeFn,yenn,hogn,kocn,shuo,ykto,mreo,gerp,ehcr,aois,eors,eelt,neit,yttu,reev,dinv,aaiw,neow,niow,eynw
16,yral,uaal,xiar,kcar,otca,reco,drco,rede,eefl,atge,ulha,esid,dlil,siin,seio,akka,trke,eglo,atma,sima,noma,gnmi,lumi,nomi,ytmi,anmo,nlne,ytne,drne,none,eFne,ynne,hgno,kcno,suoh,ytok,meor,grpe,ecrh,aiso,erso,elte,nite,ytut,reve,dnvi,aiwa,nowe,nowi,enwy
17,yrla,uala,xira,kcra,otac,reoc,droc,reed,eelf,ateg,ulah,esdi,dlli,sini,seoi,akak,trek,egol,atam,siam,noam,gnim,luim,noim,ytim,anom,nlen,yten,dren,noen,eFen,ynen,hgon,kcon,suho,ytko,mero,grep,echr,aios,eros,elet,niet,yttu,reev,dniv,aiaw,noew,noiw,enyw
18,raly,aalu,iarx,cark,tcao,ecor,rcod,eder,efle,tgea,lhau,side,lild,iins,eios,kkaa,rket,gloe,tmaa,imas,oman,nmig,umil,omin,tmiy,nmoa,lnen,tney,rned,onen,Fnee,nney,gnoh,cnok,uohs,toky,eorm,rpeg,crhe,isoa,rsoe,ltee,iten,tuty,ever,nvid,iwaa,owen,owin,nwye
19,rayl,aaul,iaxr,cakr,tcoa,ecro,rcdo,edre,efel,tgae,lhua,sied,lidl,iisn,eiso,kkaa,rkte,gleo,tmaa,imsa,omna,nmgi,umli,omni,tmyi,nmao,lnne,tnye,rnde,onne,Fnee,nnye,gnho,cnko,uosh,toyk,eomr,rpge,creh,isao,rseo,ltee,itne,tuyt,evre,nvdi,iwaa,owne,owni,nwey
20,rlay,alau,irax,crak,taco,eocr,rocd,eedr,elfe,tega,lahu,sdie,llid,inis,eois,kaka,rekt,gole,tama,iams,oamn,nimg,uiml,oimn,timy,noma,lenn,teny,rend,oenn,Fene,neny,gonh,conk,uhos,tkoy,erom,repg,chre,iosa,rose,lete,ietn,ttuy,eevr,nivd,iawa,oewn,oiwn,nywe
21,rlya,alua,irxa,crka,taoc,eorc,rodc,eerd,elef,teag,lauh,sdei,lldi,insi,eosi,kaak,retk,goel,taam,iasm,oanm,nigm,uilm,oinm,tiym,noam,lenn,teyn,redn,oenn,Feen,neyn,gohn,cokn,uhso,tkyo,ermo,regp,cher,ioas,roes,leet,ient,ttyu,eerv,nidv,iaaw,oenw,oinw,nyew
22,ryal,aual,ixar,ckar,toca,erco,rdco,erde,eefl,tage,luha,seid,ldil,isin,esio,kaka,rtke,gelo,tama,isma,onma,ngmi,ulmi,onmi,tymi,namo,lnne,tyne,rdne,onne,Fene,nyne,ghno,ckno,usoh,tyok,emor,rgpe,cerh,iaso,reso,lete,inte,tyut,erve,ndvi,iawa,onwe,onwi,newy
23,ryla,aula,ixra,ckra,toac,eroc,rdoc,ered,eelf,taeg,luah,sedi,ldli,isni,esoi,kaak,rtek,geol,taam,isam,onam,ngim,ulim,onim,tyim,naom,lnen,tyen,rden,onen,Feen,nyen,ghon,ckon,usho,tyko,emro,rgep,cehr,iaos,reos,leet,inet,tytu,erev,ndiv,iaaw,onew,oniw,neyw
